"text","prediction"
"@TokopediaCare Sayang sekali ya. Padahal ada promo dengan ovo yg akan habis beberapa jam ke depan https://t.co/TsWpNR92Bn",NA
"@TokopediaCare La duitnya disitu...bijimane kak....",NA
"@TokopediaCare dear #Alvin @TokopediaCare  tiba² #OVO nya minta aktivasi kembali &amp; gagal terus tiap di coba...
kenapa yax...? https://t.co/svUOCT0xKQ",NA
"@tomy_adhii @tokopedia @ovo_id @TokopediaCare Semenjak brubah jadi ovo point, hasil cashback belanja cuma bisa produk digital aja -_-",NA
"Ini ovo @TokopediaCare @tokopedia lagi error atau bagaimana ya. Gagal memuat terus dari pagi.",NA
"@TokopediaCare Ini kemana ya driver nya antarnya min, sedangkan kantor saya libur  ngga ada yang terima, ngga ada kontak driver juga yang bs dihubungi https://t.co/ATBzSgjWKA",NA
"@TokopediaCare mhn maaf ka ini pesanannya blm selesai y di sellernya pdhl paket sdh diambil https://t.co/5gimXRQFZw",NA
"@TokopediaCare Oh ke ovo ya min? Ovo saya blm aktif nih min",NA
"@TokopediaCare Ini kenapa saldo ovo nya gagal memuat pas di buka di komputer juga tulisan nya harus aktivasi padahal sudah di daftarkan https://t.co/IwGpVJW5Bm",NA
"Halo @TokopediaCare @tokopedia sekarang pake ovopoints dan cashback ngga bisa buat bayar macem macem gini, ko jadi ribet sejak pakai ovo. Pilihan pembayaran selalu terbatas biasanya bisa digabung ini itu pembayarannya. Payah banget.",NA
"@TokopediaCare Kurang spesifik ini kpn bisa? 1 jam lagi/1 hari lagi/1 minggu",NA
"@TokopediaCare kalo saldo tertahan itu maksudnya gimana ya?, saya kemarin abis pesen buku, tp otomatis dibatalkan pdhl udah dikirim bukunya, dan sekarang saya bingung uangnya dikemanakan :/ https://t.co/SkSW8rb8Mp",NA
"@TokopediaCare Saya sudah memasukkan no resi GoSend tapi kenapa pesannya seolah2 saya belum memaukkkan kodenya??? https://t.co/F2wumhvRiz",NA
"@TokopediaCare @tokopedia harusnya menjadi lebih baik, mudah dan praktis. Ini malah sebaliknya. Cashback di ovopoints malah ngga muncul di pilihan pembayaran. Kesel banget dah asli. Balik kaya dulu aja ngga pernah error dan gampang pakainya.",NA
"@TokopediaCare Kok nggak bisa dipake ya saldo cashback di ovo buat pembelian ? Tolong infonya",NA
"@TokopediaCare Jadi seolah2 saya belum mengirimkan barangnya dan waktu selesai otomatisnya semakin dekat",NA
"@TokopediaCare min td saya belanja lalu pada saat ovo error cashback saya tidak masuk.",NA
"@TokopediaCare Tetap nggak ada pilihannya min @TokopediaCare. Sdh bisa dimana? Ini sudah 5 jam kayak gini. Kurang apa lagi? Mana opsi pembayaran dgn saldo tokopedia nya? Kecewa banget kalo gini https://t.co/NuW0qw07Qw",NA
"@heryrid @Strategi_Bisnis @TokopediaCare Nyebelin tokped pk ovo sgl,kemarin bayar pln diskon sekarang dirubah ke point ovo,jd gak riil lg,gak bisa buat belanja di tokped lg.",NA
"@TokopediaCare cashback ke ovo tokopoints belum masuk nih",NA
"@TokopediaCare Ndak masuk dmnya https://t.co/FCxoM8EmN3",NA
"@TokopediaCare Tidak ada konfirmasi apapun setelah menekan Lanjutkan.",NA
"@TokopediaCare ga bisa belanja gara"" tidak ada menu pembayaran pake ovo haha",NA
"@TokopediaCare min, td sy belanja dengan pembayaran virtual account+ovopoint. trs sy batalkan, kok ovopoint sy nggak balik ya? https://t.co/WicHW6TNLR",NA
"@TokopediaCare Ok min sdh tampil lagi saldo ovo, tp msh blm bs utk pembayaran
Mohon bantuanya",NA
"@TokopediaCare cashback untuk transaksi saya kok belum masuk ya ??????",NA
"@TokopediaCare eh ini udah bisa tapi kedebit dua kali , tapi yang transaksi pertama gagal yang kedua berhasil adakah danaku kembali ??",NA
"@TokopediaCare saya tadi masukin kode gift card pas ovo eror eh ga sukses. Skrng ovo udah normal giliran kodenya dimasukin ulang terpakai",NA
"@TokopediaCare Ovo cash juga gabisa ditarik kalo belum upgrade ke ovo premier? Terus kalo ada penjualan, masuknya tetap ke saldo Tokopedia kan?",NA
"Mohon pencerahannya metode pembayaran pakai ovo/ovopointsnya ngga ada seperti ini. @TokopediaCare @tokopedia https://t.co/DtZw3sUr7G",NA
"@TokopediaCare nie kenapa dengan tokped..dari kemaren tidak bisa melakukan pembayaran..clear cache sudah, clear data sudah, install ulang applikasi juga sudah...
Tapi hasil nya masih sama...setelah checkout tdk bisa melakukan pembayaran.",NA
"@tokopediacare min saya tadi transaksi beli tiket kereta dengan kode promo cashback. tapi cashback point ovonya ga masuk2.",NA
"@TokopediaCare Apa bedya same day dg instan corner klo sama 2 6 jam sepe nya",NA
"@TokopediaCare Sudah di coba di hp lain jg dengan kode *promo harganya tdk diskon 51% untuk freedom combo xl, xxl, bahkan pulsa 150 jg tdk diskon",NA
"@TokopediaCare min cashback listrik IVR/20181120/XVIII/XI/93406444 bisa di cek apa sya melanggar gak min? soalnya cashbacknya blm masuk ke ovo point apa ovonya lgi error ya? mksih min",NA
"@TokopediaCare Tokopedia knp gak biss checkout ??",NA
"@IndosatCare @TokopediaCare INI NIAT GAK BUAT BIKIN PROMO? MASA PEMBAYARAN DI CANCEL? https://t.co/zR41EvXSTE",NA
"@TokopediaCare maaf mau nanya, cashback ovo points nya kok belum masuk ya? Padahal pembayaran indihome nya berhasil.",NA
"Slmt sore, knp pada waktu pilih metode pembayaran.. aplikasi tidak bisa, pdhal udah diupdate. Pilih kembali juga tidak bisa. @TokopediaCare",NA
"@TokopediaCare Iya saldo ovonya sudah masuk,tapi ga bisa buat pembayaran <U+0001F605>",NA
"@TokopediaCare OVO lg error?",NA
"@tomy_adhii @tokopedia @ovo_id @TokopediaCare BETUL BANGET 1000 % BRO TOKO CASH JADI NG BISA DIPAKE DI BLOKIR SEENAKNYA AJA SMA CASHBACK JG NGG MASUK KE TOKO CASH MAKANYA KLU IT SMA APLIKASINYA @tokopedia BELUM BECUS BELUM SIAP JGN SOK PINDAH KE OVO CASH CUMA BIKIN SUSAH PENGGUNANYA AJA DEH @TokopediaCare https://t.co/VdYOVrTV27",NA
"@TokopediaCare kok gak ada pilihan pembayaran pake OVO? https://t.co/j4qOVxO6ql",NA
"Apakah sedang ada masalah teknis dengan aplikasi @tokopedia,  @TokopediaCare? Dari tadi berulang kali mau bayar belanjaan tapi gagal terus, notifnya seperti di foto ini. https://t.co/pkOV2a3IR8",NA
"@TokopediaCare ini uang saya masuk kemana ya pengembaliannya? https://t.co/KcIQoCGk9y",NA
"@TokopediaCare min tadi saya bayar listrik, indiehome, bpjs kok cashbacknya belum masuk?",NA
"@TokopediaCare mau bayar tagihan Kartu Halo - Telkomsel, kok ga ada opsinya, min? https://t.co/GVx9NXzhas",NA
"@TokopediaCare ovonya sudah bisa tapi kok cashbacknya belom masuk ke ovo point ya min?",NA
"@TokopediaCare Min semenjak pake ovo malah jadi lebih sering eror servernya, mau transaksi pembayaran pake ovo tapi gagal mulu dah",NA
"@TokopediaCare Menyesal saya belanja di seller semacam ini, bertahun2 saya belanja di tokped, baru kali ini ketemu seller acuh begini. Ngga ada maaf2 nya sama sekali atau berusaha bantu, malah jawabnya begitu. Lebih baik batalkan sekalian pesanan nya deh https://t.co/wavs78mOrq",NA
"@TokopediaCare Udah berhasil bayar, tapi cashback nya ga masuk.",NA
"@TokopediaCare maaf min, cashback saya ko Rp 0, tdi transaksi Cachback 150rb https://t.co/USgVB4eP0R",NA
"@TokopediaCare Cashback nya juga ga masuk <U+0001F625>",NA
"@TokopediaCare Yomin.. OVO tidak bisa dipakai sebagai metode pembayaran produk digital kah? Pakai kode DGTOPED ataupun tanpa kode, saat pembayaran tidak ada pilihan OVO!",NA
"@TokopediaCare Saya kira mau di bale mohon maaf kami akan megbalikan kelebihan ongkir nya karena ga sesuai dg estimasi pengriman nya",NA
"@TokopediaCare beli pulsa kenapa ga bs pake ovo cash back? https://t.co/C6uJFrLa7h",NA
"@tokopedia @TokopediaCare min saya dari semalem coba beli barang pake kode promo yg pake OVO tapi sampe sekarang gak bisa... heran deh semenjak tokocash gabung sama OVO jadi ribet...huft",NA
"@TokopediaCare udah dicoba cara2 ini, termasuk install ulang tokopedia &amp; Ovo. Rencananya mau bayar dgn saldo Ovo. Barang yg mau dibeli &amp; sellernya, adl yg di foto ya. https://t.co/UHtHwBhT1I",NA
"@TokopediaCare @FerdianTrifosa Maaf nimbrung. Ini nonaktif OVO sampai kapan ya?",NA
"@TokopediaCare saya mau ubah nomor hp kenapa gak bisa terus ya? sudah sampai input no hp tapi gak bisa klik lanjutkan",NA
"@TokopediaCare min apa sedang ada gangguan sistem? Saya mau checkout pembelanjaan gagal mulu nih.",NA
"@TokopediaCare Halo min, saya tadi pagi melakukan transaksi sebesar 1,5jt, dan menggunakan vocher cash back 5% dr lucky egg, tapi ko cash back nya blm masuk2 ya min?",NA
"@TokopediaCare Belum masuk nih, gmn dong? Di riwayat transaksi gak ada dan jumlahnya pun belum bertambah. https://t.co/feUlumzhRp",NA
"Serius @tokopedia @TokopediaCare  point OVO g bisa buat potong pembayaran?
Kemarin ini bisa motong saldo OVO, Pas checkout.",NA
"@TokopediaCare hai kenapa di akun saya tdk ada pembayaran menggunakan ovo? https://t.co/sESvZtKiX8",NA
"@TokopediaCare kok tidak ada pilihan bayar pake ovo/point ya? https://t.co/C4xXT4Hon2",NA
"Akal2an @TokopediaCare, promo cashback kalo bayar pake OVO. Udah isi saldo, eh gagal bayar terus. Promo abis beberapa jam lagi <U+0001F602> kocak. https://t.co/4gAfXEcu9E",NA
"Selamat sore @TokopediaCare, saya mau narik dana di Ovo, kok tidak bisa ya? Tidak ada menu pilihan tarik dana",NA
"@TokopediaCare Tidak ada,hanya loading lama kemudian kembali ke menu awal.",NA
"@TokopediaCare @tokopedia kemana menu pembayaran pulsa dengan Ovo Cash?",NA
"@TokopediaCare Transaksi vchr KFC ngak dpt cashback pdhl sdh pakai kode VOUCHERHEMAT.Udah itu skrg cashback tdl bisa dipakai buat pembyrn,krn masuk ke OVO Points.Parah sejak kerjasama dgn OVO.Manajemen Lippo Sucks.Pdhl saya plggn lama.Cari toko sebelah aja yg lbh fair kaya Gopay.",NA
"cancel ah mau transaksi di @tokopedia @TokopediaCare dari tadi mau upgrade @ovo_id ditolak terus. shopee aja lagi",NA
"@TokopediaCare Min mau tanya, tadi saya ada trans pembayaran indihome menggunakan kode voucher TOPED (cashback 10rb) trans sukses tapi kok gak dapat ya cashback nya",NA
"@TokopediaCare sore min, tolong bantu sampaikan ke team IT yg tadi ovo erorrr triuble, cashback belum masuk sampai sekarang, mohon bantuannya",NA
"@TokopediaCare Saya dm gk dibales2",NA
"@dhank_wati @TokopediaCare iya bener diskon kok, tapi ya itu agak lama prosesnya g tahu karna terlalu banyak yang beli , ya lumayan beli 160 ribu bayar 80 ribu",NA
"@TokopediaCare @tokopedia kemana menu pembayaran dengan OvoCash?",NA
"@TokopediaCare min, kok cashback saya belum masuk ke ovo ya?",NA
"@TokopediaCare Min, udh ga bs bayar tagihan kartu halo di Toped ya?",NA
"@TokopediaCare min, stlh selesai pemeliharaan pointnya bakal maduk ngak? soalnya tadi pembayaran PLN memakai kupon cashback 5% total 25ribu lebih belum masuk",NA
"@TokopediaCare Buset muter2 ga jelas... Kasih contoh, jika @TokopediaCare  ga bisa kasih contoh supaya kedua voucher mendapat cash back, maka ini bisa dianggap menjebak lho. Menjebak cust spy belanja 2x. Mohon dibantu @YLKI_ID",NA
"@TokopediaCare mohon dicek invoice INV/20181115/XVIII/XI/231722293, kok statusnya menunggu pengiriman kurir ya, resi valid. Thx",NA
"@TokopediaCare @Wdyaajail Error sistem OVO Tokopedia, saya punya komplain sudah 2 minggu menunggu Blom ada jawaban pasti kapan selesai. Tokopedia <U+0001F44E><U+0001F3FB><U+0001F44E><U+0001F3FB><U+0001F44E><U+0001F3FB><U+0001F44E><U+0001F3FB><U+0001F44E><U+0001F3FB><U+0001F44E><U+0001F3FB><U+0001F44E><U+0001F3FB><U+0001F44E><U+0001F3FB><U+0001F44E><U+0001F3FB>",NA
"@TokopediaCare halo min, ini kok ngaco ya ? Barang retur sudah diterima kok kalo blm ada konfirmasi malah duit baliknya ke seller.. lah gimana ? https://t.co/snf1ypMfKt",NA
"@TokopediaCare hanya sampai disini.. tidak bisa pilih apa2 lagi.. pilih back saja tidak bisa.. https://t.co/fbbQg3g7Tk",NA
"@TokopediaCare kenapa saya ngga visa bayar pakai ovo ya ? Ngga ada pilihan ovo nya di metode pembayaran. Tolong dibantu sis",NA
"@TokopediaCare Min, tadi siang transaksi ini, tp koq cashback nya belum masuk? IVR/20181120/XVIII/XI/93387416 , IVR/20181120/XVIII/XI/93373945 , IVR/20181120/XVIII/XI/93373479 tolong dicek dong",NA
"@TokopediaCare gmn ini kode giftcard saya ... Cek DM Min",NA
"Min @tokopedia @TokopediaCare beli pulsa belum bisa pake OVO ya?",NA
"@TokopediaCare Kemarin2 bisa aja kenapa skrg ga bisa? Alasannya?",NA
"@TokopediaCare Cashback nya juga belm masuk dari tokopedia",NA
"@TokopediaCare Ini sampai kapan ya?",NA
"@TokopediaCare Udah muncul lagi viola, makasih. Tapi @ovo_id nya ngk bisa buat bayar2. Ngk muncul gitu di pilihan dana tokopedia.. Bantu lagi yaa https://t.co/0iPT7pBHH8",NA
"@TokopediaCare wah parah nih, kmrin ngomong 1x24 jam
skrg ngomong 3x24 jam gila",NA
"@TokopediaCare Kalo masa promo lewat sementara ttp gak bisa checkout, dana OVO bisa ditarik lagi nggak ke rekening? https://t.co/SxhQTSsJoR",NA
"@TokopediaCare  apakah pembayaran tagihan listrik tidak bisa mengunakan ovo point'?",NA
"@TokopediaCare hi,  kenapa ya ovo saya ada pendebitan dri tokopedia,  ini sudah dua kali.  No ref transaksi SPR-377778236",NA
"@TokopediaCare tu marketplace sebelah, tidak sampe 24 jam dana langsung balik ke saldo",NA
"@TokopediaCare ini saya baru top up ovo mau buat belanja banyak ko malah ga bisa dipakai... Gimana siiiiiii",NA
"@TokopediaCare Pengalam sya sebelmnya biasaya cashbacknya ga masuk soalnya traskasi yg sesudah ini langsung masuk
saya sudah sering berteransaksi mengunkan apk tokped jd saya hapal mana trsaksi yg bermaslah dan mana yg lacar 
Sya mengadu ke cs tokped klo masalah nya sudah urgent tapi tokped ...",NA
"@TokopediaCare hallo,mau tny kalo pembayaran pake ovo lagi bermasalah ya di tokped?sy gak bs bayar pake ovo",NA
"@TokopediaCare 2x saya order nya min, INV/20181120/XVIII/XI/234176875 dan INV/20181120/XVIII/XI/234172692, jadi saya menggunakan 2 vocher cash back, dan belum ada yg masuk.",NA
"Woy @tokopedia @TokopediaCare sistem kalian gimana sih? Sy udh bayar pke virtual acc dan sudah terdebet dr bca nya tp menunggu pembayaran terus, akhirnya sy cancel, kata csnya uang sy bakal masuk hari selasa ini, tp smpe jam 16.25 ini belum juga masuk! Saya butuh uangnya, tolong!",NA
"@TokopediaCare Untuk invoice ini INV/20181120/XVIII/XI/234238956 driver belom melakukan pickup min?",NA
"@TokopediaCare saya lagi coba lagi kalau utk upgrade. belum ada hasilnya. boleh minta bantu yg di toped nya aja gak? saya udah ubah no hp, dan saya punya ovo dg no hp yg baru. sudah otomatis teraktivasi gak ya? saya coba klik aktivasi, trus klik simpan, malah balik lagi ke hal. aktivasi https://t.co/b7ResxnZar",NA
"@TokopediaCare kok tidak ada Virtual accoun BNI???? Gangguan atau gimana???? https://t.co/gsgcbX48Za",NA
"@TokopediaCare pesan DM saya hanya cukup dibaca? Tidak perlu direspon?",NA
"@TokopediaCare Clear cachenya dimana ?",NA
"@TokopediaCare Selamat sore min, saya mau checkout tapi pilihan pembayaran ovonya kok g muncul? Knp ya?",NA
"@TokopediaCare semenjak beralih ke OVO, cashback selalu lambat masuk ... ada apa denganmu Tokped??",NA
"@tokopedia @TokopediaCare ini saya mau bayar kok gak bisa, malah gak bisa dipencet, emang lg error yaa?",NA
"@TokopediaCare apakah sistem os juga mempengaruhi? saya coba di os lolipop ke bawah gak bisa di pembayaran, tapi ketika saya login pinjam hp teman yang diatasnya lolipop bisa dipilih metode pembayaran",NA
"@TokopediaCare saya mau bayar tagihan kartu halo kok ga bisa ya? Tulisannya produk tidak tersedia, pdhal biasanya sy bayar juga lewat toped",NA
"@TokopediaCare Tidak bisa seperti itu, tokopedia menyediakan layanan pembayaran &amp; bermasalah, hrs segera diselesaikan, entah refund pembayaran ke kami / pembayaran langsung ke telkomsel, kami dirugikan dgn hal ini, krn hari ini batas pembayaran nya, kok malah disuruh nunggu 2x24 jam hr kerja??",NA
"@TokopediaCare kenapa yah transaksi pakai klickpay bca kok tidak bisa ""halaman tdk ditemukan...""",NA
"@TokopediaCare sore koq sy hbs bayar listrik knp g ada email n transaksi berhasil yah....makasih",NA
"@TokopediaCare sore kak, tolong dibantu invoice INV/20181118/XVIII/XI/233492163 masih belum menerima cashback dari voucher MULAIBELANJA, barang sudah sampai tujuan kak, Terima kasih",NA
"@TokopediaCare halo min, ovo point tadi bermasalah. Cashback nya belum masuk juga. Apakah masih berkenala ??",NA
"@TokopediaCare hiiii kak mau nanya, saya baru cek rekening dan rekeningnya belum nambah sama sekali padahal udah dapet email konfirmasi seperti dibawah ini, mohon dibantu dong, terima kasih. https://t.co/rCfmGf8WyQ",NA
"@TokopediaCare kenapa yah transaksi pakai klickpay bca kok tidak bisa jika pembayaran sebagian pakai ovo?  ""halaman tdk ditemukan...""",NA
"@TokopediaCare min belanja di tokopdia waktu konfirmasi pesanan kok belum masuk ya? sampai sekarang belum masuk yang waktu ovo trouble ? makasih",NA
"@TokopediaCare sore min, mau nanya untuk invoice PIF-W5QKZ-FA4L knp belom diterima ya cashbacknya untuk pembelian tiket pesawat dng jumlah cashback 200rb dan kode promo COBADONG. Tolong dibantu",NA
"@TokopediaCare gangguan sdh diatasi, tapi cashback pembelian tiket gak ada masuk tuh ke OVO",NA
"@TokopediaCare Min tolong dibantu cashback ovo saya untuk  

Cashback ke OVO Points

Nominal Transaksi

Rp. 24.016

Nomor Pembayaran

PLS-1091415148-25257

Kenapa belum masuk ya kesaldo saya. Thanks . From : ariantinovia91@yahoo.com",NA
"@TokopediaCare Saya beli yang unlimited 5gb tetap 62rb, gak diskon <U+0001F614>",NA
"@habibdono @TokopediaCare Kerjasamanya terlalu dipaksakan",NA
"@wahyu_agz @TokopediaCare Ra iso mas",NA
"@TokopediaCare Jadi gini saya beli paket data yang promo ultah @IndosatCare tapi status selalu menunggu operator. Gimana ya. Kalau gak siap ulang tahun jangan nraktir promo https://t.co/e1NVIeICvF",NA
"@TokopediaCare @IndosatCare Malah saya sampai unreg paket saya sebelumnya saya kira harus unreg tetep juga ga bsa masuk",NA
"@TokopediaCare Sore, saya sudah nunggu dari tanggal 12 sampai tanggal 20 kok saldo tokocash saya yang hilang setelah aktivasi ovo belum kembali?",NA
"@TokopediaCare saya gak bisa klik bayar pake ovo entah kenapa... klo bayar pake metode bayar yg lain sepertinya bisa... https://t.co/chJ0Iy3g1w",NA
"@TokopediaCare halo admin , saya mau cek aja apakah betul dari tokopedia sedang melakukan survey dengan cara menelpon langsung ke HP kami para pengguna tokopedia ? karena tadi kami terima telpon dari pihak yang mengaku dr tokopedia. thks",NA
"@TokopediaCare min, saya critanya beli tiket kereta, bukan pp. tagihan bca virtual account cmn 1. salah satu tiket ga ada. apa yg hrs saya lakukan? pesen lagi kah?",NA
"@TokopediaCare Nah itu dia, saya sudah baca berulang kali, seharusnya OVO bisa digunakan, tetapi nyatanya tidak ada pilihan OVO saat memilih metode pembayaran, padahal baru saja saya TOP UP OVO, terpaksa saya pilih metode Indomaret yang ada biaya adminnya. Ah sudahlah... Terima kasih Tokopedia!",NA
"@TokopediaCare Sudah,tetap tidak bisa",NA
"@TokopediaCare selamat sore, apakah aplikasi tokopedia tidak mendukung OS lolipop ke bawah? setiap saya transaksi pakai os lolipop ke bawah tidak bisa memilih metode pembayaran, mohon ditindak lanjuti",NA
"@TokopediaCare Iya sudah saya tunggu tapi ujungnya d cancel terus zz",NA
"@TokopediaCare @TokopediaCare oke.. namun saya tadi beli PLN dgn kode TOPED dan dijanjikan dpt cashback Rp 10,000.. nah OVO kan lg error, nanti cashbacknya bakal masuk ngga nih, Min?",NA
"@TokopediaCare Engga, mau bayar aja total 4jt tapi ga bisa digunain. Aneh banget apa fungsinya saldo kalo ga bisa di fungsiin!!!!",NA
"@tokopediacare Min, tolong di bantu untuk invoice INV/20181118/XVIII/XI/233616276. Status di JNE sudah delivered tapi di sistem masih menunggu pickup. Kayaknya ada yang salah deh, masak JNE di pick up https://t.co/KOuu5KaKc6",NA
"@TokopediaCare Kendala kayak gitu penyebabnya apa? Dari pertama tanya, cuma mau disampaikan ke tim terus tapi ngga ada saldo yang balik",NA
"@TokopediaCare Kalo transaksi pas ovo nya gangguan tadi, cashback nya jadi ga masuk ya min?",NA
"@TokopediaCare Tukan benar sudah dibatalkan lagi",NA
"@TokopediaCare lg ga bs bayar angsuran kredit ya ?",NA
"@TokopediaCare Untuk mempercepat menyelesaikan masalah terpaksa tiap hari akan mengetweet melalui berbagai cara, maaf yaa. Dan juga dari pada dianggap tidak komplain lagi dan masalah selesai (laporan ditutup secara sepihak oleh Tokopedia) mohon memaklumi laporan selama ini yg saya terima.",NA
"@TokopediaCare sudah 22 hari di pusat resolusi,mohon speed up,keterangan dari @TokopediaCare bahwa @gojekindonesia proses BAP,saya butuh estimasi waktu cc @MediaKonsumenID",NA
"@TokopediaCare 2x saya order nya min, INV/20181120/XVIII/XI/234176875 dan INV/20181120/XVIII/XI/234172692, jadi saya menggunakan 2 vocher cash back, dan belum ada yg masuk.",NA
"@TokopediaCare sore saya ada kendala mengenai casback yang belum saya terima dengan invoice IVR/20181119/XVIII/XI/93207967 untuk pembayaran PLN sampai saat ini belum saya terima cashbacknya",NA
"@TokopediaCare aplikasi saya kenapa tidak bisa melakukan pembayaran ya???.",NA
" Ok, jadi Saya lakukan pembelian secara terpisah dengan 2 invoice berbeda, maka 100% saya akan mendapat cashback A879 syarat lain. Jika saya lakukan hal tsebut dan cashback tidak saya dapatkn, maka jawaban @TokopediaCare  Ini saya tuntut lho, krn Saya minta contoh tak diberikan",NA
"@TokopediaCare min sekarang pembayaran menggunakan ovo uda gak bisa yah?",NA
"@TokopediaCare dear mimin, tolong bantu cek kenapa ovo points gak balik lagi. Tadi mau bayar sisanya lewat bca klikpay tapi koneksi internet gak stabil jadinya gagal. Tapi ovo nya malah kepotong. https://t.co/TmnwwobZ70",NA
"@TokopediaCare Jd saya akan mendapat cashback dari kedua voucher tersebut ya (bukan cuma 1)",NA
"@TokopediaCare sekarang kq udah gak ada konfirmasi ke wa transaksi &amp; cashback ya?",NA
"@TokopediaCare Dear tokopedia kenapa saya tidak dapat cashback untuk pembayaran Indihome padahal sudah menggunakan voucher DGTOPED IVR/20181120/XVIII/XI/93358069",NA
"@TokopediaCare Udh dicek trus tpi ttep gk masuk min, bisa tolong dicek apakah sya bsa dpet cashback. Di invoice udah sih. Padahal bru pertama kali bayar tagihan pake tokopedia",NA
"@TokopediaCare @tokopedia maaf menggangu saya mau melaporkan kalau toko ""ourlashbeauty"" berlaku tidak sesuai dengan apa yang harusnya dilakukan sebai seorang penjual. Ini saya minta pertanggung jawaban dari pihak tokopedia. https://t.co/d4oJBN4rX2",NA
"@TokopediaCare muter2 gini terus min.. lalu tulisannya terjadi kesalahan. silakan coba lagi https://t.co/muB9m5hfuR",NA
"Transaksi ku berhenti di sini @TokopediaCare https://t.co/CVtXcvIewb",NA
"@TokopediaCare Sampai saat ini cashback blm masuk. Transaksi ga ada masalah, sudah klik selesai dr siang td waktu ovo gangguan. Apakah gara2 gangguan td cashbacknya ga masuk2? Pdhl skg ovo nya sudah bisa lagi tapi cashback ga masuk2 min..",NA
"@IndosatCare @IndosatOoredoo @TokopediaCare @tokopedia @YLKI_ID ini yg begini tolong di tindak, promo tp ujung-ujungnya di cancel sepihak, tidak hanya saya tp banyak customer yg lain https://t.co/B0mCGkzQkE",NA
"@TokopediaCare baca dm dong",NA
"@TokopediaCare pakcik, lambat kali website kelen. da mau tutup ya?",NA
"@gojekindonesia tolong ini bagaimana ya telepon tidak bisa dihubungi, pesanan @TokopediaCare masih belum diambil tp sudah diswipe mengambil brg. Tolong ya, driver2 yg nomer telpon tidak sesuai dan nomer polisi tidak sesuai ditertibkan, biar tidak merugika",NA
"@IndraDoki @TokopediaCare Jawaban tokopedia bikin emosi",NA
"@TokopediaCare Iya ini kebijakan yang tdk fair! Menurut saya merugikan pengguna @ovo_id Krn kalau dikembalikan ke saldo @TokopediaCare itu enak di Anda tdk enak di saya. Krn saldo Toped hny bs digunakan utk transaksi di Toped. Bs ditarik kok kak? Iya tp l",NA
"@TokopediaCare Knp opsi pmbayaran tiket KA tdk ada indomrt / alfamart ?.. jrk ATM terdekat 3 Km .. Nggatelli !!",NA
"@TokopediaCare iya transaksi itu. Jadi ntar jam 7an baru ada tombol tersebut ya. Tapi ga bisa kasih rating buat si seller ngeselin itu ya..",NA
"@TokopediaCare Dan 100% alasan saya berlangganan gold merchant adalah ketika buyer mencari produk dan ketika klik gold merchant saya berharap produk saya muncul tapi sangat di sayangkan tidak muncul n itu sangat merugikan saya .",NA
"@TokopediaCare I have already sent so many complaints.. None are getting answered...  Tokopedia  you cheat",NA
"@TokopediaCare @Tbone_aja jelas toko penipuan tapi masih ditoleransi buka,saya yg tidak pernah ada masalah toko saya kena moderasi apakah pegawai  tokopedia kerjasama melakukan penipuan ya wah berarti sama dengan team fraud,saya ke tipu tgl 15 dgn toko ya",NA
"@TokopediaCare When will you help???  I have been#emailing and waiting from last three days already",NA
"@TokopediaCare The seller is not replying messages",NA
"nah itu dia, same day service tapi batas pengiriman di hari berikutnya...diskusi jadi percuma karena cuma janji...batas pengiriman jam 16.00 di hari berikutnya..kan jadi 2 day service...percuma bayar instant courier kalo dikirim besok https://t.co/G3iN5rc9x6",NA
"@TokopediaCare Ini berapa 2 kali ngantar masa salah mulu. @JNECare @JNE_ID Ngirim ke Tangerang kayak ngirim antar planet aja.",NA
"@TokopediaCare @omridwanfauzi Apanya yg merespon dengan kilat dan tepat?dm gw aja lama diresponnya dah gitu yg ditanya apa jawabnya kemana,bikin emosi doang customer carenya.",NA
"@TokopediaCare saya mau jual reksa dana saya.


Tapi waktu diminta mengisi kode otp yg dikirim via sms, gak ada sms masuk.


Sudah dicoba 3 kali tapi tetp gak ada sms masuk.


MOHON SOLUSI NYA!!",NA
"@TokopediaCare min kenapa ya, resi dari wahana lama kali keluar nya, udah mau 3 hari...",NA
"@TokopediaCare bingung dan membosankan pelanggan Aplikasi Tokopedia ini khususnya saya pribadi.


Kebingungan gk ada selesai2nya. Mau komplain barang,pake tombol khusus lgi katanya,itu tombol ada dimana...?? @TokopediaCare ..??


Klo pake di percakapan kata",NA
"@tokopediacare kok gk bls dm saya! 2 hr dicuekin?",NA
"@TokopediaCare apakah toko seperti ini masih layak tayang di tokped? Kasar sekali bahasanya https://t.co/226Yia2l4v",NA
"@TokopediaCare saya sulit sekali menghubungi Tokopedia melalui chat di customer care karena tidak ada respon",NA
"@TokopediaCare respon dm fast",NA
"@TokopediaCare Udh tapi tidak ada balasan, apakah tidak ada alamat atau nomor telepon yang terverifikasi?????",NA
"@TokopediaCare klo udh kena denda merugikan konsumen


klo gk siap untuk pembayaran angsuran mending jgn d paksakan...payahhhh @TokopediaCare @tokopedia",NA
"@TokopediaCare slmt malam, saya melakukan komplain barang agar ditukar baru karena rusak.? Apakah bisa dibantu utk prosesnya, karena hingga saat ini blm ada kejelasan. Thanks",NA
"@TokopediaCare hanya tokped yg bermasalah. Saya cek di playstore jg ada bbrp yg komplain keluhan yg sama",NA
"@TokopediaCare kemarin Saya sudah transfer dan sudah unggah bukti trf tpi kok belum terverifikasi ? Pdahal sudah unggah bukti trf sampe 10 kali..",NA
"@TokopediaCare bls dm saya admin!",NA
"@tokopedia dan @TokopediaCare bales dm saya!",NA
"@TokopediaCare Sekarang udh tgl 20 min, udh 4x24 jam",NA
"@TokopediaCare Jawabannya klasik amat min... 





Sy cuma punya tabungan di @bankmandiri trus gimana???",NA
"@TokopediaCare bukanya yg harus bertanggubg jawab adalah @TokopediaCare ? pembeli mmbayar transaksi sesuai apa yg tetera kan.",NA
"@TokopediaCare halo, ini sdh 24 jam saldo sya belum balik nih. gimana min.",NA
"@TokopediaCare @bankmandiri gimana nih...? Putus hubungan kah dengan tokopedia... Ote @bukalapak dah kali aja @bankmandiri nya normal",NA
"@TokopediaCare Maksud dari kesamaan data itu apa? Jangan berbelit2, jawab yg benar. Bagaimana cara menggunakan kedua voucher tersebut spy tidak terkena dengan ""indikasi kesamaan data"" ? Kasih contoh. Jika voucher pertama saya pakai, siapa yg bisa memakai",NA
"Sumpah ya baru kali ini kecewa berat sama @Tokopedia &amp; @TokopediaCare. Tp yha, what do i expect? Lol.",NA
"@TokopediaCare Gak bisa segera berarti buat beli barang ke tempat lain.",NA
"@TokopediaCare sudah 22 hari tidak ada penyelesaian, mohon pihak @gojekindonesia kasi saya estimasi waktu BAP jika memang barang saya dicuri driver oknum cc @MediaKonsumenID",NA
"@TokopediaCare @gojekindonesia @MediaKonsumenID Undang-Undang Nomor 8 Tahun 1999 tentang Perlindungan Konsumen, salah satunya adalah hak atas informasi yang benar, jelas, dan jujur mengenai kondisi dan jaminan barang dan/atau jasa.",NA
"Undang-Undang Nomor 8 Tahun 1999 tentang Perlindungan Konsumen, salah satunya adalah hak atas informasi yang benar, jelas, dan jujur mengenai kondisi dan jaminan barang dan/atau jasa cc @TokopediaCare @gojekindonesia @MediaKonsumenID",NA
"@TokopediaCare Ternyata nipu nih tokopedia. Dana dikembalikan dalam saldo, dilakukan penarikan kembali  , ternyata masih pending.",NA
"@TokopediaCare Sudah 2 minggu lhooooo dan janji janji aja. Ada yg berani tertulis berjanji selesai? Dgn segala konsekuensinya double cashback every day jika tidak selesai",NA
"@hsobp2ip @TokopediaCare mereka digaji cuma buat jd boneka tolol gt bro <U+0001F923>",NA
"@TokopediaCare @Telkomsel ini 2 perusahaan besar customer care nya kacau, saling lempar tanggung jawab.  https://t.co/sbZ0A2zUIh https://t.co/uxQBj8HaRh",NA
"cek gambar untuk lihat 2 perusahaan besar di Indonesia saling lempar tanggung jawab. @Telkomsel @TokopediaCare https://t.co/vsGAqvKBkb",NA
"@TokopediaCare Dkirim dari kmrn status menunggu pick up??? Beberapa sy cek sdh diterima pembeli. https://t.co/lPYyvWi38f",NA
"@TokopediaCare Minta di info kl tdk ada ketidak sesuaian kan? Ini satu contoh aja yah yg atas nama aliyah. Masa stiap pnjualan hrs dcek satu persatu. https://t.co/5QJQJDlefa",NA
"@TokopediaCare saya ada cicilan tagihan di kartu kredit. Tapi saya lupa ini untuk transaksi apa..bagaimana saya bs cek..karena laporan cc hanya tulisan"" cicilan ke sekian "". Thx",NA
"@TokopediaCare Ga ada dm",NA
"@IndosatCare @IndosatOoredoo @TokopediaCare @tokopedia @YLKI_ID ini yg begini tolong di tindak, promo tp ujung-ujungnya di cancel sepihak, tidak hanya saya tp banyak customer yg lain https://t.co/B0mCGkzQkE",NA
"@TokopediaCare min, biasanya dpt cashback trs bisa digunakan lg utk transaksi, klo skr masuknya ke ovo, trs bs digunain lgi gak di toped? Kok sy beli tiket kereta gak ada saldo di tokocash atau ovo yg ditawarkan utk sy gunakan??",NA
"@TokopediaCare Kok tiket KAI gak bisa?? Justru itu yg biasa sy pake wkt tokocash, kmd cashback jg biasanya dari pesawat sm KAI. Gmn sihh",NA
"@gojekindonesia mohon speed up proses BAP kehilangan barang oleh driver cc @MediaKonsumenID @TokopediaCare https://t.co/1EOZi1NtC2",NA
"@TokopediaCare pak Anton,saya sudah tekan tiap hari,jawaban yg sama saya dapatkan,mohon bantuannya,apakah saya perlu datang ke kantor tokopedia utk minta perhatian?",NA
"@TokopediaCare sudah 22 hari di pusat resolusi,mohon speed up,keterangan dari @TokopediaCare bahwa @gojekindonesia proses BAP,saya butuh estimasi waktu cc @MediaKonsumenID",NA
"@TokopediaCare Kenapa @TokopediaCare Tarik dana saya dari tanggal 2 November sampai sekarang masih belum masuk?",NA
"@TokopediaCare aplikasi lagi error kah? Sy mo proses pembayaran pake kartu kredit kok menunggu proses terus ya engga jalan2? https://t.co/eYwoSPY9pj",NA
"min @TokopediaCare kok saaya bayar invoice ini IVR/20181120/XVIII/XI/93345231 , pakai kode promo DGTOPED namun gk dapaet caskback ya?",NA
"@TokopediaCare Dulu sebelum pindah ke ovo tidak pernah menunggu pasti langsung masuk itu cashback ... sekarang harus menunggu dan menunggu , ada apa dengan toped ?",NA
"@TokopediaCare @Lielie56326345 Halo Tokopedia, kenapa di aplikasi android tdk respons ketika mau bayar dengan metode epay bri ? Saya ketuk layar hanya diam dan bahkan tdk bisa kembali ke halaman sblmnya.",NA
"@TokopediaCare sudah di DM tidak ada respon.",NA
"@TokopediaCare hello googleplay di tokopedia ada di option sebelah mana ya? kok di bag voucher game nggak ada?",NA
"Min @TokopediaCare kenapa ya saat mau bayar kok g bisa klik saldo ataupun tf? Yg bisa hanya metode pembayaran lain trus g bisa back ataupun lihat detail pdhl aplikasinya terupdate.",NA
"@TokopediaCare Pake dekstop juga kuponnya g ada padahal kuponnya hanya untuk app <U+0001F624><U+0001F624><U+0001F624>",NA
"Halo @TokopediaCare utk transaksi di atas, sudah sukses sejak siang tadi, terus OVO juga sudah lancar, kok cashback belum masuk juga ke OVO points ya? Mmg belum 24 jam, tapi biasanya langsung masuk, bisa tolong dicekkan? Makasih",NA
"@TokopediaCare weleh, udh lama aktif min https://t.co/MIOsy2nn1h",NA
"@TokopediaCare gangguan sdh diatasi, tapi cashback pembelian tiket gak ada masuk tuh ke OVO",NA
"@TokopediaCare saya mau refund tiket pesawat yg saya beli di tokopedia. Tapi mau upload foto identitas selalu gagal.. bisa dibantu min?",NA
"@TokopediaCare Kmrn mah bisa. Hari ini malah nyangkut terus di metode pembayaran tiap kali mau bayar. Pdhl apl topednya jg udh update terkini",NA
"@TokopediaCare ini gimana ceritanya dah?? Dr td sore mau belanja ga bisa. Nyangkut terus di sini. Pake kupon cb yg warna coklat itu, pasti selalu nyangkut di sini. Heran euy.. https://t.co/8pGfA2UxBL",NA
"@TokopediaCare sekarang kq udah gak ada konfirmasi ke wa transaksi &amp; cashback ya?",NA
"@TokopediaCare @tokopedia maaf menggangu saya mau melaporkan kalau toko ""ourlashbeauty"" berlaku tidak sesuai dengan apa yang harusnya dilakukan sebai seorang penjual. Ini saya minta pertanggung jawaban dari pihak tokopedia. https://t.co/d4oJBN4rX2",NA
"@TokopediaCare Saya mau nanya saya ini gimana lapor pilihan untuk melapor saja tidak ada",NA
"@TokopediaCare Sudah,tetap tidak bisa",NA
"@TokopediaCare di saya pembayaran kredit ACC Selalu terjadi kesalahan teknis silakan coba kembali min..",NA
"@TokopediaCare lg ga bs bayar angsuran kredit ya ?",NA
"@TokopediaCare muter2 gini terus min.. lalu tulisannya terjadi kesalahan. silakan coba lagi https://t.co/muB9m5hfuR",NA
"@TokopediaCare gak bisa diapa2in nih... diklik gak bisa, back gak busa juga huft...",NA
"@TokopediaCare saya gak bisa klik bayar pake ovo entah kenapa... klo bayar pake metode bayar yg lain sepertinya bisa... https://t.co/chJ0Iy3g1w",NA
"@TokopediaCare bayar pake cara laen juga eror gak bisa diklik nih...aplikasi tokopedianya nih berarti yg eror.haduuuh https://t.co/vHuIXYAbwB",NA
"@TokopediaCare dan hasil akhirnya seperti ini, kl tahu seperti ini, jadi yang tadi saya terima live tracking itu apa, baik seller maupun driver tidak ada konfirmasi apa2 lewat telp pdhl jelas2 ada no telp sy yang bs dihubungi. buang2 waktu, uang jg tenaga sj https://t.co/I0m2PD2cAn",NA
"@TokopediaCare tolong di cek, cashbacknya belum masuk ke OVO. IVR/20181120/XVIII/XI/93376025 dan IVR/20181120/XVIII/XI/93353396",NA
"@TokopediaCare kan sudah saya lampirkan. pihak telkomsel malah suruh saya menghubungi tokopedia. dan kalian lepas tangan? kapok saya bayar tagihan lewat toped. https://t.co/vMlmUxdpKB",NA
"ini DM dari @Telkomsel ya @TokopediaCare. intinya saya bayar tagihan lewat toped, tapi toped GAGAL meneruskan pembayaran ke Tsel, dan uang saya HILANG. HATI2 BAYAR TAGIHAN DI TOKOPEDIA.",NA
"@TokopediaCare @Telkomsel ini 2 perusahaan besar customer care nya kacau, saling lempar tanggung jawab.  https://t.co/sbZ0A2zUIh https://t.co/uxQBj8HaRh",NA
"ini @TokopediaCare ngakunya baca keluhan, tapi bohong. jelas2 screenshot bukti gagal bayar sudah dilampirkan, malah cust dilempar ke pihak lain. HATI2 BAYAR PRODUK DIGITAL DI TOPED.",NA
"cek gambar untuk lihat 2 perusahaan besar di Indonesia saling lempar tanggung jawab. @Telkomsel @TokopediaCare https://t.co/vsGAqvKBkb",NA
"@TokopediaCare Tapi gak bs cek status ya kak. Gak ada lacak untuk status pengiriman",NA
"@TokopediaCare INV/20181118/XVIII/XI/233516379 pengiriman dgn JNE 010370440696618 kog status ny menunggu di pickup kan pengiriman pilihan buyer pakai JNE",NA
"@TokopediaCare supaya percakapannya dua arah dan dibales cepet harus hubungin kemana ya?",NA
"@TokopediaCare Tp ko saldo yg di tokocash sebelumnya hangus yah min?",NA
"Halo @TokopediaCare masalah saya di fb ga selesai2x. Saya jd ga nyaman mau transaksi di tokopedia.",NA
"@TokopediaCare @tokopedia sering bgt kaya gini sekarang website-nya kalo mau submit diskusi hadeh hadeh https://t.co/JnJcZOsa1U",NA
"@TokopediaCare ini knp gk bs masuk ke fitur ""shake-shake""",NA
"@TokopediaCare min saya ada melakukan pembayaran tagihan kartu kredit, namun ga dapet cashback promo. Detilnya saya dm ya",NA
"@TokopediaCare ho ku udah shake"" tp gk bisa ikutan net palay ya",NA
"@TokopediaCare sudah Min, dan sama saja..",NA
"@TokopediaCare sore saya ada kendala mengenai casback yang belum saya terima dengan invoice IVR/20181119/XVIII/XI/93207967 untuk pembayaran PLN sampai saat ini belum saya terima cashbacknya",NA
"@TokopediaCare Transaksinya sudah 1x24 jam dan sampai sekarang belum saya terima cashbacknya",NA
"@hsobp2ip @TokopediaCare mereka digaji cuma buat jd boneka tolol gt bro <U+0001F923>",NA
"@TokopediaCare saya ingin bayar indihome kok sekarang udh ga ada pembayaran via indomaret ya? Pakai mandiri pun tak bisa https://t.co/EMJ7rjJLpu",NA
"@TokopediaCare min cara menggunakan dana evo gimana caranya, saya nga dapat nomer security codenya",NA
"Transaksi ku berhenti di sini @TokopediaCare https://t.co/CVtXcvIewb",NA
"@TokopediaCare Udh dicek trus tpi ttep gk masuk min, bisa tolong dicek apakah sya bsa dpet cashback. Di invoice udah sih. Padahal bru pertama kali bayar tagihan pake tokopedia",NA
"@TokopediaCare Dear tokopedia kenapa saya tidak dapat cashback untuk pembayaran Indihome padahal sudah menggunakan voucher DGTOPED IVR/20181120/XVIII/XI/93358069",NA
"@TokopediaCare dear mimin, tolong bantu cek kenapa ovo points gak balik lagi. Tadi mau bayar sisanya lewat bca klikpay tapi koneksi internet gak stabil jadinya gagal. Tapi ovo nya malah kepotong. https://t.co/TmnwwobZ70",NA
"@TokopediaCare aplikasi saya kenapa tidak bisa melakukan pembayaran ya???.",NA
"@TokopediaCare 
INV/20181120/XVIII/XI/234256559, sejak siang blm di pick up???",NA
"@TokopediaCare Tukan benar sudah dibatalkan lagi",NA
"@TokopediaCare Jadi gini saya beli paket data yang promo ultah @IndosatCare tapi status selalu menunggu operator. Gimana ya. Kalau gak siap ulang tahun jangan nraktir promo https://t.co/e1NVIeICvF",NA
"@TokopediaCare @IndosatCare Malah saya sampai unreg paket saya sebelumnya saya kira harus unreg tetep juga ga bsa masuk",NA
"@TokopediaCare Iya sudah saya tunggu tapi ujungnya d cancel terus zz",NA
"@TokopediaCare Kendala kayak gitu penyebabnya apa? Dari pertama tanya, cuma mau disampaikan ke tim terus tapi ngga ada saldo yang balik",NA
"@TokopediaCare Sore, saya sudah nunggu dari tanggal 12 sampai tanggal 20 kok saldo tokocash saya yang hilang setelah aktivasi ovo belum kembali?",NA
"@tokopediacare Min, tolong di bantu untuk invoice INV/20181118/XVIII/XI/233616276. Status di JNE sudah delivered tapi di sistem masih menunggu pickup. Kayaknya ada yang salah deh, masak JNE di pick up https://t.co/KOuu5KaKc6",NA
"@TokopediaCare Engga, mau bayar aja total 4jt tapi ga bisa digunain. Aneh banget apa fungsinya saldo kalo ga bisa di fungsiin!!!!",NA
"
soalnya banyak yang beli tapi kalo di chat ato di wa ga bales bales, jdi orderanya ga batal kalo cust setuju di perpanjang <U+0001F603><U+0001F64F><U+0001F3FB>",NA
"@TokopediaCare Nah itu dia, saya sudah baca berulang kali, seharusnya OVO bisa digunakan, tetapi nyatanya tidak ada pilihan OVO saat memilih metode pembayaran, padahal baru saja saya TOP UP OVO, terpaksa saya pilih metode Indomaret yang ada biaya adminnya. Ah sudahlah... Terima kasih Tokopedia!",NA
"min 
@TokopediaCare
 tagihan indihome aku dengan nmr IVR/20181120/XVIII/XI/93418565 sudah di bayar tapi kok cashbacknya blm muncul aja yaa, biasanya cepat",NA
"@TokopediaCare halo min, ovo point tadi bermasalah. Cashback nya belum masuk juga. Apakah masih berkenala ??",NA
"@TokopediaCare INV/20181119/XVIII/XI/233835724
Ini, masa g dpt sih <U+0001F623>",NA
"@TokopediaCare Min..tolong respon DM saya ya",NA
"@TokopediaCare Gimana udah blm ?",NA
"@wahyu_agz @TokopediaCare Ra iso mas",NA
"@habibdono @TokopediaCare Kerjasamanya terlalu dipaksakan",NA
"@TokopediaCare hiiii kak mau nanya, saya baru cek rekening dan rekeningnya belum nambah sama sekali padahal udah dapet email konfirmasi seperti dibawah ini, mohon dibantu dong, terima kasih. https://t.co/rCfmGf8WyQ",NA
"@TokopediaCare kenapa yah transaksi pakai klickpay bca kok tidak bisa jika pembayaran sebagian pakai ovo?  ""halaman tdk ditemukan...""",NA
"@TokopediaCare cara lo basi dan gk mujarab bos, gw ude move dr tokopedia bye 


#OVOTokopediaERROR",NA
"@TokopediaCare Ovo gw error lg min, gk bisa buat bayar belanjaan",NA
"@TokopediaCare sesuai di pusat komplain utk transaksi ini INV/20181106/XVIII/XI/227490395 barang sy retur dan shrsnya uang sy dikembalikan utuh, krn penjual menekan tombol selesai uang sy dikembalikan hanya 25rb, gmn ini ????",NA
"@TokopediaCare isi emoney ga masuk dr subuh ampe skrg.. nyusahin ya!!!",NA
"@TokopediaCare masih eror ya ovopoints? cashback pembelian kemaren belum masuk nih",NA
"@TokopediaCare Saya beli yang unlimited 5gb tetap 62rb, gak diskon <U+0001F614>",NA
"@TokopediaCare Lho kok digambar promo ada ya? Ya sudah lah kalau memang gak jadi diskon. Cuma lain kali kalau ada promo harus lebih jelas.",NA
"@TokopediaCare Ditunggu sampai kapan kak? Sudah seminggu lebih dan dicek berkala dan belum ada perubahan. Tapi saldo saya tidak hangus kan kak? Nominalnya lumayan banyak itu.. <U+0001F614><U+0001F614>",NA
"@TokopediaCare Pagi kak. Saldo OVO pindahan dr saldo tokopedia sebesar 1.8 juta belum masuk sampe lebih 1 minggu ini. Nomor HP 081231606534. Tolong segera difollow up. Karena saya butuh untuk transaksi. https://t.co/JGi3KcrX2L",NA
"Mau pesan tiket kereta lewat aplikasi @tokopedia malah dibilang belum login, gimana ini @TokopediaCare? https://t.co/Z9v0UlE8xI",NA
"@TokopediaCare Cashback saya kenapa belum masuk ya? IVR/20181120/XVIII/XI/93365702 https://t.co/dV2pGojRLS",NA
"@TokopediaCare sampai sekarang belom masuk juga nih",NA
"PYR/20181120/XVIII/XI/92012032 @TokopediaCare sudah melakukan pembayaran ko belum masuk pulsa nya ya",NA
"@TokopediaCare @TokopediaCare oke.. namun saya tadi beli PLN dgn kode TOPED dan dijanjikan dpt cashback Rp 10,000.. nah OVO kan lg error, nanti cashbacknya bakal masuk ngga nih, Min?",NA
"@TokopediaCare @TokopediaCare belum masuk Mbak Dini.. saya DM ya",NA
"@TokopediaCare Percuma 0% wong gesek KK saja kena surcharge berapa persen tuh.",NA
"@TokopediaCare hi, cashback saya knp blm masuk ya, tolong dicek IVR/20181120/XVIII/XI/93362006",NA
"@TokopediaCare kenapa setiap mau order selalu begini, mau aktivasi ovo jg tidak bisa https://t.co/w4XiyTgGaO",NA
"@TokopediaCare min tolong saya.. td pagi ada yg nelp dari no 081372910424 menanyakan kendala tokopedia dan meminta otp dll tapi tidak saya kasi..setelah di tutup malah banyak transaksi yg tidak saya kenal..mohon di bantu kembalikan dana saya.. :( https://",NA
"@TokopediaCare mau bayar pascabayar telkomsel kok skarang ga bisa? pilihannya cuman XL, Fren, Tri, Matrix... telkomsel kok ga ada?",NA
"@TokopediaCare yaaaah.... keburu keblokir niih...",NA
"@TokopediaCare min, saat ini lagi ada permasalahan di menu pembayaran Pascabayar ya? saya input nomor Telkomsel kok malah terbacanya XL Prioritas ya?",NA
"@TokopediaCare Sampai saat ini cashback blm masuk. Transaksi ga ada masalah, sudah klik selesai dr siang td waktu ovo gangguan. Apakah gara2 gangguan td cashbacknya ga masuk2? Pdhl skg ovo nya sudah bisa lagi tapi cashback ga masuk2 min..",NA
"@TokopediaCare Hai udah saya dm kok blm d balas ya",NA
"@TokopediaCare kok klam transaksi No. Invoice:


INV/20181107/XVIII/XI/228236888  di perpanjang lagi harus nya sudah kelar jam 10'00 hari ini karena buyer tidak dpt menyertakan syarat dr tokopedia dan kami dan terbukti buyer mencoba curang",NA
"@TokopediaCare malah di kasih waktu lagiu gimana sih barang dari tanggal 12 sampai kemare tindakan akan di ambil extimasi paling lama hari ini jam 10'00 sekarang di kasih waktu lagi hingga besok ini merugika kami sebagai pihak seller kok toped ngak fear g",NA
"@TokopediaCare itu buyer nya tidak dpt menunjukan surat pernyataan yg kita mita ka seperti itu jawab nya",NA
"@TokopediaCare barag sampe setelah du hari baru di complain pas satu jam sebelum kelar extimasi sekarang di kasih waktu 10 hari dan harus menunggu lagi tlg kebijakan tokopedia",NA
"@TokopediaCare sampai kapan ya pembayaran via clickpay mandiri bisa di pakai kembali? lalu pembelian pulsa pun jg tidak bisa menggunakan pembayaran via apapun lewat bank mandiri. ada apa ini?",NA
"@TokopediaCare min tolong INV/20181121/XVIII/XI/234451521 udah unggah transaksi pembayaran malah ga ada respon sama sekali ini",NA
"@TokopediaCare Tolong ini bisa diprioritaskan? Permasalahan sy belum selesai juga",NA
"@TokopediaCare @tokopedia @TokopediaCare @MediaKonsumenID Tolong ini sy komplain respon slow banget dan ga ada kejelasan, baik via pusat bantuan di aplikasi atau di twitter, sy sudah bayar tagihan listrik tetapi tidak juga berhasil, status menunggu konfir",NA
"@TokopediaCare INV/20181009/XVIII/X/214591212 barang belum sampai ketempat tujuan tetapi kenapa dana langsung diteruskan ke penjual. mohon bantuaannya kak",NA
"@TokopediaCare baca DM min....tumben nih slow respon",NA
"@TokopediaCare Invoice IVR/20181116/XVIII/XI/92323143 Transaksi Bayar KartuHalo Tanggal 16 Transaksi Berhasil (Gambar 1). Tanggal 19 Ada SMS Transaksi Dibatalkan (Tanggal 19). Tagihan Belum Terbayar. Dana Tidak Kembali Sampai Sekarang. Mohon Solusinya htt",NA
"@TokopediaCare maksudnya gini, saya beli tiket kereta untuk waktu berbeda.


misal tgl 3 bln 1, tgl 16 bln 1, tgl 5 bln 2, tapi pembayarannya dijadikan satu, jadi ketika saya klik pembayaran via bca virtual account, total bayar dari 3tiket tsb.",NA
"@TokopediaCare ini apk knp ya? Aku lg proses order giliran smpe proses pembayaran itu gk ada respon samasekali,udh di update tetep aja, gmn donk? Aku mo ksh kejutan u swmi yg ada ntr keburu plg orgnya",NA
"@TokopediaCare dah di uninstall tetep aja, gimana dong",NA
"@TokopediaCare Hai ade sampai saat ini dana refund saya blm masuk thanks. Bgmana keselanjutanya?",NA
"@TokopediaCare mohon dibalas DM saya terkait cashback yg tidak turun",NA
"@TokopediaCare @aldodamara Min bales DM nya. Need info nih yg jelas",NA
"@TokopediaCare @Aphin1988 Min baca DM dong",NA
"@TokopediaCare INV/20181116/XVIII/XI/232621821 ni barang seperti tidak ada niat dari penjual... barang sampai sekarang tidak dikim kirim


.. di chat penjual tidak dibalas",NA
"@TokopediaCare bagaimana nich kok belum ada kejelasan apa perlu saya muat kemedia kok belum ada tanggapan...",NA
"Min @TokopediaCare kok ga bisa dipake ya? Padahal belum prnh transaksi ke telkom juga. Makasih minn. https://t.co/SU4xcigKw6",NA
"@TokopediaCare 


Pagi kak, ko tiap kali masuk halaman pembayaran (pilih metode pembayaran) aplikasi toped ku macet/freeze ka, solusinya gimana ya? Terima kasih.",NA
"@TokopediaCare hi, gimana nih saldo sy blm balik2 nih. tolong",NA
"@TokopediaCare Kenapa saya masih disuruh nunggu 13 jam lagi? Ada solusi?",NA
"@TokopediaCare 


min mau tanya, setelah checkout, pada waktu pilih metode pembayaran kenapa tidak bisa di klik ya? padahal biasanya bisa, saya klik semua satu per satu tidak ada respon, trs klik kembali jg gk bisa, mohon bantuannya min",NA
"@vefaiza @Telkomsel @TokopediaCare Yaampun, kirain aku aja yg kena kayak gini. Pembayaran kartu halo katanya d batalkan tokopedia, tokopedia bilangnya mau di investigasi dlu. Uangku ga tau dmana <U+0001F62D>",NA
"@TokopediaCare Padahal opsi pembyaran mau di alfamart mlh muncul ovo cash ? Saya ga mau pke yg itu tpi alfamart....",NA
"@TokopediaCare  kok opsi pembayaran ga bs di gnti si min ? Saya mau opsi bayaran pakai alfamart....dan itu ga bs di back n ga bs kluar ..... https://t.co/K7R6xQkTvA",NA
"@TokopediaCare Gak lahhhh. Gak ada sale nya siii wkwk",NA
"@TokopediaCare VA CIMB Niaga semalem ga ada sekarang ada. Ilang""an gitu min?",NA
"kenapa semakin hari malah semakin kacau yh aku lihat tweetnya beli pulsa masuk lama paket data juga lama token pln juga lama trnsaksi jual beli g dapat cashback saldo ovo hilang ada apa gerangan??? ayoklah perbaiki lagi sistemnya, trutama stlh tokocash diganti ovo @TokopediaCare",NA
"@TokopediaCare saya kecewa saldo sy dipotong penalti 25rb cuma karna ganti kurir . Penjual punya pilihan kurirnya sendiri yg penting ga rugiin pembeli 





Kalo gitu saya tutup akun aja . Lebih baik sy jualan di shopee dan bukalapak.  Thanks . Toped kbanya",NA
"@EdMorningstar @TokopediaCare Melalui DM twitter dan email hanya saya dan cs Tokopedia yg tahu permasalahannya, supaya pengguna Tokopedia yang lain tahu masalah ini juga. Dan semoga pengguna Tokopedia yang lain tidak mendapatkan masalah yang sama.",NA
"@TokopediaCare Capek dechhhh. Ternyata banyak juga yg komplain tapi .......... Kayaknya akan bertambah pengguna Tokopedia yg kecewa dgn pelayanannya. Siap2 pengguna kabur dari Tokopedia dan beralih ke Bukalapak. Ayoo bukalapak tingkatkan pelayanan jgn sep",NA
"@TokopediaCare Sudah 2 minggu lhooooo dan janji janji aja. Ada yg berani tertulis berjanji selesai? Dgn segala konsekuensinya double cashback every day jika tidak selesai",NA
"@TokopediaCare Untuk mempercepat menyelesaikan masalah terpaksa tiap hari akan mengetweet melalui berbagai cara, maaf yaa. Dan juga dari pada dianggap tidak komplain lagi dan masalah selesai (laporan ditutup secara sepihak oleh Tokopedia) mohon memaklumi",NA
"Hanya di @TokopediaCare (Pesanan belum sampai - 10845509) si vendor minta Customer untuk follow up langsung kesalahan kirim yg dilakukan oleh @IdTiki (030114544483). Rekomeeennn... NOT!",NA
"Hanya di @TokopediaCare (Pesanan belum sampai - 10845509) si vendor minta Customer untuk follow up langsung kesalahan kirim yg dilakukan oleh @IdTiki (030114544483). Rekomeeennn... NOT!",NA
"Hanya di @TokopediaCare (Pesanan belum sampai - 10845509) si vendor minta Customer untuk follow up langsung kesalahan kirim yg dilakukan oleh @IdTiki (030114544483). Rekomeeennn... NOT!",NA
"Hanya di @TokopediaCare (Pesanan belum sampai - 10845509) si vendor minta Customer untuk follow up langsung kesalahan kirim yg dilakukan oleh @IdTiki (030114544483). Rekomeeennn... NOT!",NA
"@TokopediaCare @coolbluers Hari ini tgl 21 Nov 2018, sudah lebih dari 9 hari.. Uang saya belum di kembali kan oleh tokopedia.... Saya minta uang saya kembali.. Semudah saya transfer ke rek anda... Saya masih menunggu uang saya",NA
"@TokopediaCare Tokopedia.. Saya ingin uang saya di kembali kan.. Tolong jangan berbelit belit.. Sebab saya transfer ke rek anda.. Dengan lapang hati.. Kenapa. Mengembalikan uang saya.. Sulit sekali.. Padahal kesalahan ada Di pihak anda... Pelapak anda yg",NA
"@TokopediaCare wah harusnya patokan ""waktu respons"" dipersempit lagi min sesuai kebutuhan konsumennya. semisal saya butuhnya barang yg hari ini pesen besok sampai sama barang yang boleh 2-3 hari sampai dibedain gitu. btw ini gabisa ganti toko sebelum bata",NA
"@TokopediaCare min transaksi dengan invoice INV/20181119/XVIII/XI/233783115 minta tolong dong sellernya diingetin. pesennya dari senin siang tapi belum juga dikirim. di chat juga balesnya lama bisa 12 jam, alesannya sibuk. barangnya mau saya pake cepet2 t",NA
"@TokopediaCare Masalahnya kupon cashback kan dapatnya cuma di Aplikasi, kalo pake mobile site gak dapat cashback dunk.",NA
"@TokopediaCare Cashback saya sampai skrg belum masuk. Transaksi pembayaran tagihan listrik kemarin tgl 20 November 2018 jam 12 siang. IVR/20181120/XVIII/XI/93371116",NA
"udah 2 minggu saldo cashback nye belum masuk ke akun gue <U+0001F62B> 2 minggu lho.. apa itu yg namanya di PRIORITAS? dan lagi msh banyak transaksi2 baru gue yg saldo cashback nye jg kgk masuk ke ovo gue <U+0001F62D> lama2 jd males transaksi lagi di @tokopedia @TokopediaCare",NA
"Transaksi saya invoice INV/20181117/XVIII/XI/233353199 sudah 1x24 jam lebih statusnya tidak berubah. Resi JT9828568705, padahal paket sudah diterima. Tolong ditindak lanjuti secepatnya....!!!!! 


@tokopedia


 


@TokopediaCare


 


@jntexpressid @detikcom  @KompasTV  @VIVAcoid https://t.co/f6z2483RZ2",NA
"Cukup tau aja, yang melakukan penipuan itu siapa? Saya atau anda @TokopediaCare 


Yang anda lakukan itu hanya praduga.


Akun saya jelas, alamat saya juga jelas, no telpon jelas, metode pembayaran jelas menggunakan BRIVA atas nama saya. Maka dari itu gua #uninstalltoped https://t.co/SySWkHxojX",NA
"@TokopediaCare Duh, kamu ni bener bener ga paham sistem yang bekerja di tempat kamu bekerja. Urusan pengembalian itu udah selesai dari lebih dua minggu lalu..udah automatis dikembalikan. Aneh sekali udah lewat berminggu minggu baru nanya..",NA
"Ada apa dengan @TokopediaCare  gagal terus pesan tiket kereta sdh bolak balik dicoba keluar dulu login lagi belum bisa juga #tokopediaerror",NA
"@tokopediacare transaksi ini masih belum solved. Lalu kenapa transaksi malah dibatalkan dan Dana malah dikembalikan ke pembeli? Padahal barang sudah dia terima. https://t.co/GvN2rZNrJO",NA
"@TokopediaCare saya sudah clear cache dan coba pake perangkat yang lain, tapi tetap tidak bisa. gimana nih min? mohon di bantu",NA
"@TokopediaCare Apa penyebab tidak berhasil?",NA
"@TokopediaCare Min aku tunggu prosesnya  dari kemarin enggak selesai selesai",NA
"@TokopediaCare Dear Toped, Apakah pembayaran OVO cash dan OVO Point sedang lagi ada masalah/gangguan ?",NA
"@TokopediaCare sampai sekarang belum masuk ih",NA
"@TokopediaCare Tapi pasti masuk kan ? Soalnya konfirmasinya kemarin waktu ovo eror",NA
"@TokopediaCare min belanja di tokopdia waktu konfirmasi pesanan kok belum masuk ya? sampai sekarang belum masuk yang waktu ovo trouble ? makasih",NA
"@TokopediaCare selamat siang, sudah lama pembayaran via transfer bank mandiri tidak bisa digunakan. Apakah ada problem?",NA
"@TokopediaCare Hi, pembayaran via transfer bank mandiri tidak bs digunakan seperti capture dibawah https://t.co/CkRYz5Y3pX",NA
"@TokopediaCare tolong di cancel min pesanan saya. Penjual lama sekali. 
Invoice-8377225-4655469-20181118230724-UE1YS1FNUUs https://t.co/EfXPzI67t5",NA
"@TokopediaCare cara pengembalian uang gmn pihak toko tidak tahu caranya",NA
"@TokopediaCare saya melakukan return barang, tapi krn berhubung barang yg sama dikhawatirkan rusak juga, jdi  penjual sepakat untuk mengembalian uang,tidak jadi ditukar dgn barang. nah maslahnya di komplain tidak ada fitur untuk back to uang ke pembeli",NA
"@TokopediaCare ini bgini ,harus gmn lagi,pihak toko juga gak ada jawaban ,,gimana @TokopediaCare https://t.co/9fLCUNWE66",NA
"@TokopediaCare saya melakukan pembelian hp nubia singkatnya ada kendla di hp tersbut.lalu sudah saya return.saya juga udah memasukan resi pengembalian.tapi kenapa masih di minta unutk memasukkan resi pengembalian ,akun toped a/n : Rita Indriyani",NA
"@TokopediaCare @TokopediaCare min saya melakukan return barang(HP) tapi gmn kelanjutannya barang sudah diteriam oleh toko tpi di komplain saya masih diminta untuk memasukan resi pengembalian.sedangkan saya sudah melakukan return dan sudah memasukn resi pengembalian",NA
"@TokopediaCare saya gbs update saldo emoney saya dg no.invoice IVR/20181121/XVIII/XI/93670987 krn tulisannya selalu eror, baik via hp maupun ATM. Sedangkan dapat notifikasi bahwa sisa waktu utk update 40menit lagi. Mohon bantuannya.",NA
"@TokopediaCare update saldo e-money kok ga bisa ya min? error, padahal saya cek pakai mbanking mandiri bisa",NA
"@TokopediaCare Tolong bantuannya tidak ada driver yang pick up barang sejak hari senin GK-125019696 no. invoice INV/20181118/XVIII/XI/233477291 (3)",NA
"@TokopediaCare Tolong bantuannya tidak ada driver yang pick up barang sejak hari senin GK-125019696 no. invoice INV/20181118/XVIII/XI/233477291 (5)",NA
"@TokopediaCare Tolong bantuannya tidak ada driver yang pick up barang sejak hari senin GK-125019696 no. invoice INV/20181118/XVIII/XI/233477291",NA
"@TokopediaCare Tolong bantuannya tidak ada driver yang pick up barang sejak hari senin GK-125019696 no. invoice INV/20181118/XVIII/XI/233477291 (4)",NA
"@TokopediaCare Tolong bantuannya tidak ada driver yang pick up barang sejak hari senin GK-125019696 no. invoice INV/20181118/XVIII/XI/233477291 (2)",NA
"Jebakan Transaksi #Tokopedia, Dianggap Gesek Tunai (Gestun), Kena Potongan 15% - https://t.co/UMpOlqyQc8 #Ecommerce #GesekTunai #JualBeliOnline #Marketplace #PotonganPembayaran CC @tokopedia @TokopediaCare @bank_indonesia https://t.co/qjo6fekJCo",NA
"@TokopediaCare kenapa transaksi saya dibatalkan ? terus bagaimana cashbacknya ? mohon bantuannya terkait hal ini ? https://t.co/s088iCYzo7",NA
"@TokopediaCare Seperrinya tdk masalah masakapai or tujuannya.  Penanggalannya yg salah. https://t.co/yBBuQIpOXO",NA
"@TokopediaCare tolong diperbaiki penanggalannya. Ini sy buka saat pembelian tiket pesawat. https://t.co/bQ3YnQfBKu",NA
"@TokopediaCare @NexmediaTV Hi, sy hbs bayar tv cable tp smpe skrng kok ga konek ya? Bs di jelaskan you guys! https://t.co/2CQst0vBge",NA
"@TokopediaCare sudah lewat 1x24jam tetapi cashback belum ada, saya juga barusan bayar tagihan. katanya dapat cashback tetapi belum ada juga? gimana ini?",NA
"@TokopediaCare tadi pagi saya checkout belanjaan, terus langsung transfer via sms banking, tapi kenapa d aplikasi toped gak bisa konfirmasi pembayaran? Jadi transferan sudah masuk, invoice gak ada. Tolong dong adm dicek. Saya sudah dm dan messenger tapi gak ada respon",NA
"@TokopediaCare min kenapa pembayaran CC promo tokpedcc gagal? 
IVR/20181119/XVIII/XI/93011780 , saya sudah menunggu 2 hari dan ujung2nya tetap dibatalkan",NA
"@TokopediaCare Kok status ny tdk berhasil??waduh aneh bgt dah",NA
"@TokopediaCare Btw sampe skrg jg blm masuk pengembalian dana krn pembatalan transaki <U+0001F611><U+0001F611> kemanaa saldoku yaahh.. 
Skrg bayar apa2 pake ovo cash, trus ovo pointsnya buat bayar apa ditokped?",NA
"@TokopediaCare Ini sudah dari 1x24 jam min, tapi sama saja, belum masuk cashback trsebut? Kenapa ya?? Apa memang uda ga ada cashback lg? Tp di invoice tersebut saya hrsnya dapat ya. Saya telpon cs tokped pun ga pernah diangkat
@tokopedia
@TokopediaCare https://t.co/dSmZTh74c2",NA
"Min @TokopediaCare sy mau komplain dong, siang ini sy ada trx beli voucher sebesar 5juta, kenapa cashback sy tidak bertambah ya?? Mhn infonya &amp; bantuannya dong. Knp bs cashback tidak masuk. Berikut fotonya. Dan nomor invoice trx tersebut (ada keterangan cashback 150) @tokopedia https://t.co/gbz93YgmWw",NA
"@TokopediaCare Sudah 1x24 jam tapi tak kunjung masuk juga cashbacknya.",NA
"@TokopediaCare Kemarin Saya bayar tagihan PLN tapi cashbacknya belum masuk kak, pake kode cobadong. 

Nomor    : IVR/20181120/XVIII/XI/93387678",NA
"@TokopediaCare Hi, sudah 1x24 jam, tapi masih belum masuk cashback nya, bisa dibantu?",NA
"Ini knp ngisi pulsa di @TokopediaCare jd lama bgt yah?pdhl udh pke virtual account.",NA
"@TokopediaCare Gak bs cpt klo bl pulsa lewat tokped yah skrg??mau butuh pulsa cpt jd lamaa.",NA
"@TokopediaCare Itu kedua kali nya admin pembelian pertama gagal ternyata tpi baru dpt kabar jam 10 k atas bl dr jam 6.30 pagi <U+0001F605>",NA
"@TokopediaCare Y ampun kak ini udh dr jam 6.30 gak nyampe2 mpe skrg. Ini udh dbayar loh pke virtual account masa verifikasi nya lama??? https://t.co/2h3BuDrnQj",NA
"@TokopediaCare kmrn belanja tdk cair Cash backnya. pada saat itu ovo sedang error. sudah 1x24 jam masih zonk. mohon segera diproses makasih https://t.co/8n9voRCAaM",NA
"@TokopediaCare transaksi INV/20181119/XVIII/XI/234025121 speaker tidak bisa dikirim via wahana bagaimana min",NA
"@TokopediaCare Dan saya tidak bisa merubah opsi ke refund karena masih dianggap belum memasukkan nomor resi",NA
"@TokopediaCare Tolong diperbaiki masalah di app Tokped. Dari kemarin sdh sy masukkan no resi selalu bilangnya menunggu pembeli memasukkan nomor resi. Sementara 4 jam lagi otomatis selesai transaksi BERMASALAH nya https://t.co/CYucmuOQjK",NA
"@TokopediaCare Tolong masalah saya diDM dibalas ya admin.",NA
"@rasahserius @TokopediaCare Mas nya ga bisa juga kah?",NA
"@TokopediaCare Dan belum bisa sampai pagi ini min @TokopediaCare https://t.co/PnFI37t1vW",NA
"Dear admin @TokopediaCare kenapa dari pagi saya mau bayar tidak bisa? Fitur pembayaran di pencet tidak ada yang bereaksi,aplikasi sudah update paling baru,downgrade juga tidak bisa",NA
"@TokopediaCare min minta tolong bantu nomor invoice INV/20181116/XVIII/XI/232943384 minta cancel dari pembeli tapi pembeli gk bisa cancel sendiri. terimakasih https://t.co/ruq3saXJvw",NA
"@TokopediaCare sudah di check dari kemarin , sampai skrg juga blm tersedia",NA
"@TokopediaCare Sudah 24 jam ini dan tidak masuk2. Bisa di cek dan diteruskan skg?",NA
"@damarhafizh @TokopediaCare Sama. Saya jg nanya dijawab 1x24 jam. Uda lebih dr 24 jam ga masuk2 juga. Ga tau kapan masuknya ini. Kl tny di ulur2 terus disuruh nunggu",NA
"@TokopediaCare min cashback INV/20181119/XVIII/XI/233917497 dan INV/20181119/XVIII/XI/233915791 tdk masuk2 dr tadi siang sampai skg. Td siang kan memang ovo error jd saya maklum, tapi skg ovo sudah ga error saya cek ga ada masuk point juga. Dicek ya",NA
"@TokopediaCare saat buyer berbelanja produk, tokopedia scr default mengaktifkan pilihan asuransi, sehingga konsumen yg tdk awas &amp; buru2, biaya belanjanya terbebani premi asuransi tsb. Apa alasan mendefaultkan hal tsb? Knp tdk dikosongkan sj?
cc.: @liamtanu @ojkindonesia @YLKI_ID",NA
"@TokopediaCare @JNECare tolong paket nyangkut. Ini alamat lengkap nya. Alamat jalan Nuri , perumahan PSG blok 1 depan lapangan Sono agung Couple 03 nomer 02 https://t.co/5TakqqzuNv",NA
"@TokopediaCare min kemarin transaksi  beli. Token pln pakai kode voucher PLNPASTI tapi cashbaccknya nggak masuk sampai sekarang
Invoice IVR/20181120/XVIII/XI/93358324",NA
"@TokopediaCare min bole nanya ga? Dr kemaren perasaan dikacangin mulu",NA
"@TokopediaCare INV/20181119/XVIII/XI/233847894 ga keluar keluar ya min cashbacknya",NA
"@TokopediaCare min tolong dong dibales ini, cashback INV/20181119/XVIII/XI/233847894 blm masuk2 ini ko susah banget si",NA
"@TokopediaCare Sumpah ya, yg bener mana sih. Nanya kemaren 1x24 jam, nanya ke Pesan Bantuan 2x24jam, skrg 3x24jam. Yg bener kenapa? Ga sekalian nanti 7x24 jam? Kecewa sama toped asli ini",NA
"@TokopediaCare selamat siang tokopedia. saya mau tanya, kenapa stock barang di toko saya selalu menjadi kosong ketika barang tersebut setelah transaksi barang selesai? padahal sudah diatur menjadi selalu tersedia.. terima kasih.",NA
"@TokopediaCare Tidak menggunakan kupon sama sekali. Sampe saat ini tidak bisa. Saya coba di hp saya yg satunya juga saya ngak bisa pake versi android 4.4",NA
"@ovo_id  No. Referensi SPR-378943002 untuk pembelian paket data di @TokopediaCare No. transaksi IVR/20181120/XVIII/XI/93454064, saya cancel, OVO points kembali tetapi OVO cash kenapa tdk kembali ya dananya?",NA
"@TokopediaCare admin, kenapa kok setelah ingin pilih metode pembayaran selalu gak bisa klik ya? ada masalah kah?",NA
"@TokopediaCare Kejadian ini udah 2 kali. Ga ada solusi dr Tokopedia. Akhirnya saya yang mengalami kerugian",NA
"@TokopediaCare Gitu2 terus solusinya, kenapa saya yang di complain sama pembeli. Ntar abis pembelinya complain, Tokopedia selalu lepas tangan. Saya tidak mau.",NA
"@tokopedia @TokopediaCare @gojektech ini sudah kedua kali ada pembeli order barang di saya. Gojek tidak pick up tapi langsung diselesaikan. Silakan di contact pembelinya untuk verifikasi https://t.co/oaO3LTCJbf",NA
"@evenstarkichi @TokopediaCare @ovo_id Gw masi blm bisa buat bayar deh min tolong bantu dong",NA
"Oops! Terjadi Kendala Koneksi
Gagal memuat halaman.
Dana tidak terpotong, silakan coba lagi.

SAYA SUDAH ISI SALDO OVO TRS MAU NYA GMN INI MIN ?
sudah 5hr
@tokopedia @TokopediaCare",NA
"@TokopediaCare Siap kak.. terima kasih",NA
"@TokopediaCare Ok terima kasih kak Nikita",NA
"@TokopediaCare Makasih mbak Rasti",NA
"@TokopediaCare Oke baik kak, terimakasih responnya",NA
"@TokopediaCare Oalah pantes, oke oke makasih",NA
"@TokopediaCare Oke min OVO sudah normal kembali, ditunggu cashback INV/20181119/XVIII/XI/233847894",NA
"@TokopediaCare Okee terimakasih",NA
"@TokopediaCare Ok terima kasih",NA
"@TokopediaCare Baik. Terima kasih.",NA
"@TokopediaCare Makasih Kak Tiva..",NA
"Akhirnya drama bayar dengan saldo tokopedia hari ini berakhir. Thankyou min @TokopediaCare <U+0001F495>",NA
"@nandiobanderas @TokopediaCare OK makasih infonya.",NA
"@dhank_wati @TokopediaCare my plesure ;)",NA
"@TokopediaCare Sudah ok, thank you beybeuh....<U+0001F618>",NA
"@TokopediaCare udah bisa tadi saya coba lagi bbrp kali. tq ya",NA
"@TokopediaCare Sudah berhasil ka. Trims",NA
"@TokopediaCare ok makasih",NA
"@TokopediaCare Hi, boleh dibantu pembatalan pesanan INV/20181119/XVIII/XI/233881201 


thanks :)",NA
"@TokopediaCare Trm ksih",NA
"@TokopediaCare Sudah bisa ka, sudah selesai transaksi nya tadi, terima kasih sebelumnya",NA
"@TokopediaCare oh okeee  baiklah... Thx ya untuk responnya... saya coba tunggu, dan akan cek berkala...",NA
"@TokopediaCare Sudah mbak, saya td sore juga sudah menghubungi penjual dan saya juga sudah siap kirim balik barangnya.",NA
"@TokopediaCare Baik, terima kasih banyak",NA
"@DreYoung10 @TokopediaCare Tetap positif, kita percayakan utk @TokopediaCare mengecek dan membantu menyelesaikan kendala ini <U+0001F44D>",NA
"@TokopediaCare Tolong cek DM ya :)",NA
"@TokopediaCare Ya jadi gimana solusi nya , saya belum mendapatkan barang saya dan penjual belum mendapatkan uang nya karena ketahan sistem Tokopedia, aduh ribet x ahhh dari tadi siang sampe malam ga beres beres ,Oalah ,udah sering dan percaya sama Tokoped",NA
"@TokopediaCare  saya sampaikan bahwa kendala saya sudah diselesaikan semua oleh tim terkait, terima kasih atas bantuan nya, dan mohon maaf jika sudah berkata-kata kasar .",NA
"@ShopeeCare Bikin sistem ga bisa reset,biar g malu admin ngajakin dm,mending belanja di @TokopediaCare ,jelas admin cs orang bukan mesin <U+0001F916>,dan jawaban membantu",NA
"@TokopediaCare Thanks",NA
"@TokopediaCare Oke, trima kasih",NA
"@TokopediaCare Alhamdulillah, Terimakasih admin @TokopediaCare atas bantuannya<U+0001F64F> Semoga kedepannya tokopedia bisa lebih baik lagi ya sehingga tidak ada kesalahan sistem kembali..Mohon maaf jika kata2 saya sebelumnya menyinggung perasaan ya min<U",NA
"@TokopediaCare udah dikonfirm kok, thanks. semangat melayani pelanggan ya walaupun hari libur.",NA
"@TokopediaCare Sudah dikembalikan kok dana saya, thx min",NA
"@TokopediaCare Baik, terima kasih atas bantuannya.",NA
"@TokopediaCare Ia min, dananya jg sudah berhasil ditarik, terimakasih ya :)",NA
"@TokopediaCare Udah bisa beb tyo thank uu",NA
"@TokopediaCare ok thks ya",NA
"@TokopediaCare Oke thx yuri. Kucoba lagii~",NA
"@TokopediaCare Thanks kak for fast response nya",NA
"@FarhanDe14 @TokopediaCare Wkwkwk",NA
"@TokopediaCare ok terimakasih infonya, utk nmr yang menghubungi tadi sdh saya infokan via DM kalau pihak dari tokopedia juga mau cek",NA
"@FarhanDe14 @RNurelyas @rizkiagee @TokopediaCare Memang bagus pelayanan @TokopediaCare  apalagi mas alvin",NA
"@TokopediaCare Ya anton, tengkyuu~ dah dicoba <U+0001F44D>",NA
"@TokopediaCare Oke thx yuri. Kucoba lagii~",NA
"@TokopediaCare Thanks kak for fast response nya",NA
"@TokopediaCare Sudah berhasil ka. Trims",NA
"@TokopediaCare udah bisa tadi saya coba lagi bbrp kali. tq ya",NA
"@TokopediaCare Sudah ok, thank you beybeuh....<U+0001F618>",NA
"@TokopediaCare Okay, terima kasih untuk informasinya",NA
"@TokopediaCare Terima kasih",NA
"@Telkomsel Siap Komandan.. Tinggal Nunggu Dari @TokopediaCare",NA
"@TokopediaCare udah solve, ternyata transaksi sblmnya dibatalkan oleh sistem. sy pikir nanti tagihan di bca virtual akun ada 2langsung. padahal memang maksudnya 2 tiket, dgn penumpang berbeda, satu keponakan saya (masukan ini buat toped) basket order nama",NA
"@TokopediaCare Oke Ka Yuri, terima kasih",NA
"@TokopediaCare terima kasih kak atas bantuannya",NA
"@TokopediaCare Terima kasih",NA
"@TokopediaCare sudah saya dm mohon di cek..",NA
"@TokopediaCare saya melakukan no.hp pada tgl 19nov tapi kenapa saldo tokocash belum juga kembali. mohon infonya. trim's",NA
"@TokopediaCare Ok kak makasih",NA
"@TokopediaCare Oke thxs banget kak atas infonya yah, smoga lancar. Met lanjut aktivitas kak, :)",NA
"@TokopediaCare Sudah saya balas mba, mohob di cek",NA
"@TokopediaCare Ok sudah sampai, kurir nya mungkin ada kendala saat pengiriman jadi status di tokped nya lebih dulu delivered 1jam baru kurir datang nganterin paket. Terima kasih banyak dan mohon maaf Tokped dan JNE <U+0001F64F>",NA
"@TokopediaCare Oke kak Rena<U+0001F60A><U+0001F64F>terima kasih",NA
"@TokopediaCare Terima kasih dana sudah masuk <U+0001F60A>",NA
"@TokopediaCare Oke min di tunggu ya update tan nya",NA
"@TokopediaCare Hai Kak Anto, Terimakasih infonya. Metode pembayaran OVO sudahbisa digunakan kembali.",NA
"@TokopediaCare problem solved terimakasih banyak <U+2615>",NA
